catch_terms,recode_column,organization_name,domains,country,to_edit,dataset,children_orgs,org_type
.net foundation|net foundation|dot net foundation,.net foundation|net foundation|dot net foundation,.NET Foundation,dotnetfoundation.org,,,,,
4h|4-h,4h|4-h,4-H,4-h.org,United States of America,,Common,,
42 silicon valley|42 school,42 silicon valley|42 school,42 Silicon Valley,student.42.us.org,,,,,
a leg to stand on inc,a leg to stand on inc,"A Leg to Stand On, Inc.",,,,NGO List,,
ability foundation,ability foundation,Ability Foundation,,,,NGO List,,
ablethrive,ablethrive,AbleThrive,,,,NGO List,,
abrar,abrar,ABRAR,,,,NGO List,,
access bangladesh foundation,access bangladesh foundation,Access Bangladesh Foundation,,,,NGO List,,
access exchange international,access exchange international,Access Exchange International,,,,NGO List,,
access israel,access israel,Access Israel,,,,NGO List,,
accessibility organization for afghanistan disabled,accessibility organization for afghanistan disabled,Accessibility Organization for Afghanistan Disabled,,,,NGO List,,
action for mental illness,action for mental illness,Action for Mental Illness,,,,NGO List,,
action on disability and development,action on disability and development,Action on Disability and Development,,,,NGO List,,
action on disability rights and development,action on disability rights and development,Action on Disability Rights and Development,,,,NGO List,,
admiral family circle islamic community inc,admiral family circle islamic community inc,"Admiral Family Circle Islamic Community, Inc.",,,,NGO List,,
adoptaclassroom.org,adoptaclassroom.org,AdoptAClassroom.org,adoptaclassroom.org,,,Tech Nonprofits,,
afghan disabled union,afghan disabled union,Afghan Disabled Union,,,,NGO List,,
african disability forum,african disability forum,African Disability Forum,,,,NGO List,,
aids free world,aids free world,AIDS-Free World,,,,NGO List,,
al manarah association for arab persons with disabilities,al manarah association for arab persons with disabilities,Al Manarah Association for Arab Persons with Disabilities,,,,NGO List,,
alexander graham bell association for the deaf and hard of hearing,alexander graham bell association for the deaf and hard of hearing,Alexander Graham Bell Association for the Deaf and Hard of Hearing,,,,NGO List,,
alhassan foundation for differently abled inclusion,alhassan foundation for differently abled inclusion,Alhassan Foundation for Differently Abled Inclusion,,,,NGO List,,
allen institute|allenai|alleninstitute,allen institute|allenai|alleninstitute,Allen Institute for AI,allenai.org|alleninstitute.org,,,,,
alzheimer's association,alzheimer's association,Alzheimer's Association,alz.org,United States of America,,Top Charities List,,
american cancer society,american cancer society,American Cancer Society,cancer.org,United States of America,,Top Charities List,,
american civil liberties union|aclu,american civil liberties union|aclu,American Civil Liberties Union,aclu.org,United States of America,,Top Charities List,,
american heart association,american heart association,American Heart Association,heart.org,United States of America,,Top Charities List,,
american jewish joint distribution committee,american jewish joint distribution committee,American Jewish Joint Distribution Committee,jdc.org,United States of America,,Top Charities List,,
american kidney fund,american kidney fund,American Kidney Fund,kidneyfund.org,United States of America,,Top Charities List,,
american society of mechanical engineers,american society of mechanical engineers,American Society of Mechanical Engineers,asme.org,United States of America,,Tech Nonprofits,,
american spca,american spca,American SPCA,aacspca.org,United States of America,,Top Charities List,,
american vacuum society,american vacuum society,American Vacuum Society,avs.org,United States of America,,Tech Nonprofits,,
americares foundation|americares,americares foundation|americares,Americares Foundation,americares.org,United States of America,,Top Charities List,,
amicale marocaine des hanicapes,amicale marocaine des hanicapes,Amicale Marocaine des Hanicapes,,,,NGO List,,
anitab.org,anitab.org,AnitaB.org,anitab.org,,,Tech Nonprofits,,
arab forum for the rights of persons with disabilities,arab forum for the rights of persons with disabilities,Arab Forum for the Rights of Persons with Disabilities,,,,NGO List,,
arab organization of disabled people,arab organization of disabled people,Arab Organization of Disabled People,,,,NGO List,,
arbeitersamariterbund deutschland,arbeitersamariterbund deutschland,Arbeiter-Samariter-Bund Deutschland,,,,NGO List,,
asabe shehu yars'adua foundation,asabe shehu yars'adua foundation,Asabe Shehu Yars'Adua Foundation,,,,NGO List,,
asia pacific disability forum,asia pacific disability forum,Asia Pacific Disability Forum,,,,NGO List,,
asociación civil contra la discriminación,asociación civil contra la discriminación,Asociación Civil contra la Discriminación,,,,NGO List,,
asociación de impedidos fisicos motores,asociación de impedidos fisicos motores,Asociación de Impedidos Fisicos Motores,,,,NGO List,,
associação nacional de membros do ministério p√∫blico de defesa dos direitos dos idosos e pessoas com defici√™ncia|national association of members of the public prosecutor's defense of the rights of the elderly and persons with disabilities,associação nacional de membros do ministério p√∫blico de defesa dos direitos dos idosos e pessoas com defici√™ncia|national association of members of the public prosecutor's defense of the rights of the elderly and persons with disabilities,Associação Nacional de Membros do Ministério P√∫blico de Defesa Dos Direitos dos Idosos e Pessoas com Defici√™ncia|National Association of Members of the Public Prosecutor's Defense of the Rights of the Elderly and Persons with Disabilities,,,1,NGO List,,
associated universities inc,associated universities inc,"Associated Universities, Inc.",aui.edu,United States of America,,Gov Admins,,
association 3in,association 3in,Association 3IN,,,,NGO List,,
association for computing machinery,association for computing machinery,Association for Computing Machinery,acm.org,,,Tech Nonprofits,,
association générale des handicapés du rwanda,association générale des handicapés du rwanda,Association générale des handicapés du Rwanda,,,,NGO List,,
association of disabled people of uzbekistan,association of disabled people of uzbekistan,Association of Disabled People of Uzbekistan,,,,NGO List,,
association of disabled women and mothers of disabled children,association of disabled women and mothers of disabled children,Association of Disabled Women and Mothers of Disabled Children,,,,NGO List,,
association of parents and friends of special children in s√£o paulo,association of parents and friends of special children in s√£o paulo,Association of parents and friends of special children in S√£o Paulo,,,,NGO List,,
association of parents friends and people with disabilities of the brazil bank,association of parents friends and people with disabilities of the brazil bank,"Association of Parents, Friends and People with Disabilities of the Brazil Bank",,,,NGO List,,
association of university centers on disabilities,association of university centers on disabilities,Association of University Centers on Disabilities,,,,NGO List,,
atfaluna society for deaf children asdc,atfaluna society for deaf children asdc,"Atfaluna Society for Deaf Children, ASDC",,,,NGO List,,
attiva mente,attiva mente,Attiva - Mente,,,,NGO List,,
australian disability and development consortium,australian disability and development consortium,Australian Disability and Development Consortium,,,,NGO List,,
australian federation of disability organisations,australian federation of disability organisations,Australian Federation of Disability Organisations,,,,NGO List,,
australian federation of disability organization,australian federation of disability organization,Australian Federation of Disability Organization,,,,NGO List,,
autisme europe,autisme europe,Autisme Europe,autismeurope.org,,,NGO List,,
aveugles et autres personnes handicapées du niger,aveugles et autres personnes handicapées du niger,Aveugles et autres Handicapées du Niger,,,,NGO List,,
azure foundation,azure foundation,Azure Foundation,azurefoundation.org,,,,,
bangladesh protibandhi unnayan sangstha,bangladesh protibandhi unnayan sangstha,Bangladesh Protibandhi Unnayan Sangstha,,,,NGO List,,
barack obama foundation,barack obama foundation,Barack Obama Foundation,obama.org,United States of America,,Top Charities List,,
barbados council for the disabled,barbados council for the disabled,Barbados Council for the Disabled,,,,NGO List,,
battelle memorial institute,battelle memorial institute,Battelle Memorial Institute,battelle.org|battelleecology.org,United States of America,,Gov Admins,,
beit issie shapiro,beit issie shapiro,Beit Issie Shapiro,beitissie.org.il,,,NGO List,,
belgian disability forum,belgian disability forum,Belgian Disability Forum,,,,NGO List,,
benemérito comité pro ciegos y sordos de guatemala|meritorious committee for the blind and deaf of guatemala,benemérito comité pro ciegos y sordos de guatemala|meritorious committee for the blind and deaf of guatemala,Benemérito Comité Pro Ciegos y Sordos de Guatemala,,,,NGO List,,
benetech,benetech,Benetech,benetechadvantage.com,,,NGO List,,
best buddies of mexico,best buddies of mexico,Best Buddies of Mexico,bestbuddies.org,,,NGO List,,
gates foundation,gates foundation,Bill & Melinda Gates Foundation,gatesfoundation.com,United States of America,,Common,,
bizchut the israel human rights centre for people with disabilities,bizchut the israel human rights centre for people with disabilities,"Bizchut, the Israel Human Rights Centre for People with Disabilities",,,,NGO List,,
booker autism foundation,booker autism foundation,Booker Autism Foundation,,,,NGO List,,
boston children's hospital,boston children's hospital,Boston Children's Hospital,childrenshospital.org,,,Top Charities List,,
boy scouts,boy scouts,Boy Scouts of America,scouting.org,United States of America,,,,
boys and girls clubs of america|boys and girls club|boys club|boy's club|girls club|girl's club,boys and girls clubs of america|boys and girls club|boys club|boy's club|girls club|girl's club,Boys & Girls Clubs of America,bgca.org,United States of America,,Top Charities List,,
brazilian academy of neurology,brazilian academy of neurology,Brazilian Academy of Neurology,scielo.br,Brazil,,NGO List,,
federação brasileira das associações de síndrome de down|brazilian federation of down syndrome associations,federação brasileira das associações de síndrome de down|brazilian federation of down syndrome associations,Brazilian Federation of Down Syndrome Associations,,Brazil,,NGO List,,
broad institute|broadinstitute,broad institute|broadinstitute,Broad Institute,broadinstitute.org,United States of America,,Common,,
brookhaven science associates,brookhaven science associates,Brookhaven Science Associates,bsa-hq.org,United States of America,,Gov Admins,,
brookings institute,brookings institute,Brookings Institute,brookings.edu,United States of America,,Common,,
burton blatt institute,burton blatt institute,Burton Blatt Institute,,,,NGO List,,
cambodian disabled peoples organisation,cambodian disabled peoples organisation,Cambodian Disabled Peoples Organisation,cdpo.org,Cambodia,,NGO List,,
campus arnau ds'escala,campus arnau ds'escala,Campus Arnau ds'Escala,,,,NGO List,,
canadian association for community living,canadian association for community living,Canadian Association for Community Living,,,,NGO List,,
canadian association of the deafassociation des sourds du canada,canadian association of the deafassociation des sourds du canada,Canadian Association of the Deaf-Association des Sourds du Canada,,,,NGO List,,
canadian working group on hiv and rehabilitation,canadian working group on hiv and rehabilitation,Canadian Working Group on HIV and Rehabilitation,,,,NGO List,,
care usa,care usa,CARE USA,care.org,United States of America,,Top Charities List,,
carter center,carter center,Carter Center,cartercenter.org,United States of America,,Top Charities List,,
catchafire,catchafire,Catchafire,catchafire.org,,,Tech Nonprofits,,
catholic charities usa,catholic charities usa,Catholic Charities USA,catholiccharitiesusa.org,,,Top Charities List,,
catholic medical mission board,catholic medical mission board,Catholic Medical Mission Board,cmmb.org,,,Top Charities List,,
catholic relief services,catholic relief services,Catholic Relief Services,crs.org,,,Top Charities List,,
cbr global network,cbr global network,CBR Global Network,,,,NGO List,,
ccs disability action incorporated,ccs disability action incorporated,CCS Disability Action Incorporated,,,,NGO List,,
cedars sinai medical center|cedars sanai,cedars sinai medical center|cedars sanai,Cedars-Sinai Medical Center,cshs.org,,,Top Charities List,,
center for advocacy learning and livelihood foundation of the blind,center for advocacy learning and livelihood foundation of the blind,"Center for Advocacy, Learning and Livelihood Foundation of the Blind",,,,NGO List,,
center for democracy and technology,center for democracy and technology,Center for Democracy and Technology,cdt.org,,,Tech Nonprofits,,
center for independent living,center for independent living,Center for Independent Living,,,,NGO List,,
center for international rehabilitation,center for international rehabilitation,Center for International Rehabilitation,,,,NGO List,,
center for international stabilization and recovery,center for international stabilization and recovery,Center for International Stabilization and Recovery,,,,NGO List,,
center for policing equity,center for policing equity,Center for Policing Equity,policingequity.org,,,Tech Nonprofits,,
center for the study of sport and society,center for the study of sport and society,Center for the Study of Sport and Society,,,,NGO List,,
central council of disabled persons,central council of disabled persons,Central Council of Disabled Persons,,,,NGO List,,
centre de recherches et de promotion pour la sauvegardge des sites,centre de recherches et de promotion pour la sauvegardge des sites,Centre de Recherches et de Promotion pour la Sauvegardge des Sites,,,,NGO List,,
centre for citizens with disabilities,centre for citizens with disabilities,Centre for Citizens with Disabilities,,,,NGO List,,
centre for disability in development,centre for disability in development,Centre for Disability in Development,,,,NGO List,,
centre for disability studies university of the west indies,centre for disability studies university of the west indies,"Centre for Disability Studies, University of the West Indies",,,,NGO List,,
centre for independent living of people with disability of serbia,centre for independent living of people with disability of serbia,Centre for Independent Living of People with Disability of Serbia,,,,NGO List,,
centre for legal assistance for people with disabilities,centre for legal assistance for people with disabilities,Centre for Legal Assistance for People with Disabilities,,,,NGO List,,
centre for studies on inclusive education,centre for studies on inclusive education,Centre for Studies on Inclusive Education,,,,NGO List,,
centre for the education and development of mauritian children,centre for the education and development of mauritian children,Centre for the Education and Development of Mauritian Children,,,,NGO List,,
centre for the rehabilitation of the paralyzed,centre for the rehabilitation of the paralyzed,Centre for the Rehabilitation of the Paralyzed,,,,NGO List,,
centro de estudios y formacion integral de la mujer,centro de estudios y formacion integral de la mujer,Centro de Estudios y Formacion Integral de la Mujer,,,,NGO List,,
cerebral palsy foundation,cerebral palsy foundation,Cerebral Palsy Foundation,,,,NGO List,,
cerebral palsy nigeria,cerebral palsy nigeria,Cerebral Palsy Nigeria,,,,NGO List,,
cern|european organization for nuclear research,cern|european organization for nuclear research,CERN,cern.org|cern.ch,Switzerland,,Common,,
chan zuckerberg|czi,chan zuckerberg|czi,Chan-Zuckerberg Initiative,chanzuckerberg.com|czbiohub.org,United States of America,,Common,,
charitable society for disabled people stimuli,charitable society for disabled people stimuli,"Charitable society for disabled people ""Stimuli""",,,,NGO List,,
charity: water|charity water,charity: water|charity water,Charity: Water,charitywater.org,,,Tech Nonprofits,,
child concern,child concern,Child Concern,,,,NGO List,,
childfund international,childfund international,ChildFund International,childfund.org,,,Top Charities List,,
children and young people with disability australia,children and young people with disability australia,Children and Young People with Disability Australia,,,,NGO List,,
children's rights alliance for england,children's rights alliance for england,Children's Rights Alliance for England,,,,NGO List,,
christain children's fun,christain children's fun,Christain Children's Fun,,,,NGO List,,
christian broadcasting network and operation blessing|christian broadcasting,christian broadcasting network and operation blessing|christian broadcasting,Christian Broadcasting Network & Operation Blessing,ob.org,,,Top Charities List,,
christopher and dana reeve foundation,christopher and dana reeve foundation,Christopher and Dana Reeve Foundation,,,,NGO List,,
chromium|chromium.org,chromium|chromium.org,Chromium.org,chromium.org,,,,,
city of hope,city of hope,City of Hope,cityofhope.org,,,Top Charities List,,
civil association against discrimination,civil association against discrimination,Civil Association against Discrimination,,,,NGO List,,
cloud foundry|cloudfoundry,cloud foundry|cloudfoundry,Cloud Foundry Foundation,cloudfoundry.org,,,Common,,
code for america,code for america,Code for America,codeforamerica.org,,,,,
code.org,code.org,Code.org,code.org,,,Tech Nonprofits,,
colombian centre for integrated rehabilitation,colombian centre for integrated rehabilitation,Colombian Centre for Integrated Rehabilitation,,,,NGO List,,
combined jewish philanthrophies,combined jewish philanthrophies,Combined Jewish Philanthrophies,cjp.org,,,Top Charities List,,
communications coordination committee for the united nations,communications coordination committee for the united nations,Communications Coordination Committee for the United Nations,,,,NGO List,,
communities forestry and social development organization communications,communities forestry and social development organization communications,Communities Forestry and Social Development Organization Communications,,,,NGO List,,
community options inc,community options inc,"Community Options, Inc.",,,,NGO List,,
compassion international,compassion international,Compassion International,compassion.org,,,Top Charities List,,
comprehensive community based rehabilitation,comprehensive community based rehabilitation,Comprehensive Community Based Rehabilitation,,,,NGO List,,
comptia,comptia,CompTIA,comptia.org,,,Tech Nonprofits,,
confederación mexicana de organizaciones en favor de la persona con discapacidad intelectual a c,confederación mexicana de organizaciones en favor de la persona con discapacidad intelectual a c,"Confederación Mexicana de Organizaciones en Favor de la Persona con Discapacidad Intelectual, A.C.",,,,NGO List,,
congo handicap rdc,congo handicap rdc,Congo Handicap RDC,,,,NGO List,,
consiglio nazionale sulla disabilità,consiglio nazionale sulla disabilità,Consiglio Nazionale sulla Disabilità,,,,NGO List,,
consortium of disability organisations,consortium of disability organisations,Consortium of Disability Organisations,,,,NGO List,,
consortium of humanitarian agencies,consortium of humanitarian agencies,Consortium of Humanitarian Agencies,,,,NGO List,,
convoy of hope,convoy of hope,Convoy of Hope,convoyofhope.org,,,Top Charities List,,
corporación real de sordos de chile,corporación real de sordos de chile,Corporación Real de Sordos de Chile,,,,NGO List,,
council for canadians with disabilities,council for canadians with disabilities,Council for Canadians with Disabilities,,,,NGO List,,
council for exceptional children,council for exceptional children,Council for Exceptional Children,,,,NGO List,,
covenant house,covenant house,Covenant House,covenanthouse.org,,,Top Charities List,,
creative commons,creative commons,Creative Commons,creativecommons.org,,,Tech Nonprofits,,
crime stopper|crime stoppers,crime stopper|crime stoppers,Crime Stoppers USA,crimestoppersusa.org/,United States of America,,,,
cross international,cross international,Cross International,crossinternational.org,,,Top Charities List,,
cru,cru,Cru,cru.org,,,Top Charities List,,
dana farber cancer institute|dana farber,dana farber cancer institute|dana farber,Dana-Farber Cancer Institute,dana-farber.org,,,Top Charities List,,
data & society|data and society,data & society|data and society,Data & Society,datasociety.net,United States of America,,Common,,
datapop alliance,datapop alliance,Data-Pop Alliance,,,,NGO List,,
delivering good,delivering good,Delivering Good,delivering-good.org,,,Top Charities List,,
dementia alliance international,dementia alliance international,Dementia Alliance International,,,,NGO List,,
descúbreme foundation|discover me foundation,descúbreme foundation|discover me foundation,Descúbreme Foundation,descubreme.cl,Chile,,NGO List,,
design bangladesh,design bangladesh,Design Bangladesh,,,,NGO List,,
direct relief,direct relief,Direct Relief,directrelief.org,,,Top Charities List,,
disability action ireland,disability action ireland,"Disability Action, Ireland",,,,NGO List,,
disability australia ltd,disability australia ltd,Disability Australia Ltd.,,,,NGO List,,
disability federation of ireland,disability federation of ireland,Disability Federation of Ireland,,,,NGO List,,
disability law and policy program syracuse university college of law/ syracuse university,disability law and policy program syracuse university college of law/ syracuse university,"Disability Law and Policy Program, Syracuse University College of Law/ Syracuse University",,,,NGO List,,
disability organizations joint front,disability organizations joint front,Disability Organizations Joint Front,,,,NGO List,,
disability rights education and defense fund,disability rights education and defense fund,Disability Rights Education and Defense Fund,,,,NGO List,,
disability rights fund,disability rights fund,Disability Rights Fund,,,,NGO List,,
disability rights promotion international,disability rights promotion international,Disability Rights Promotion International,,,,NGO List,,
disabled american veterans,disabled american veterans,Disabled American Veterans,dav.org,,,Top Charities List,,
disabled people's rehabilitation and employment union of georgia,disabled people's rehabilitation and employment union of georgia,Disabled People's Rehabilitation and Employment Union of Georgia,,,,NGO List,,
disabled peoples organizations denmark,disabled peoples organizations denmark,Disabled Peoples Organizations Denmark,,,,NGO List,,
disabled peoples' international,disabled peoples' international,Disabled Peoples' International,dpi.org|disabledpeoplesinternational.org,,,NGO List,,
disabled peoples' internationaleurope,disabled peoples' internationaleurope,Disabled Peoples' International Europe,dpi-europe.org,,,NGO List,,
disabled peoples' international korea,disabled peoples' international korea,Disabled Peoples' International Korea,dpikorea.org,,,NGO List,,
disabled persons assembly nz,disabled persons assembly nz,Disabled Persons Assembly NZ,,,,NGO List,,
disabled women's network canada,disabled women's network canada,Disabled Women's Network Canada,,,,NGO List,,
discovering deaf worlds inc,discovering deaf worlds inc,"Discovering Deaf Worlds, Inc.",,,,NGO List,,
doctors without borders,doctors without borders,Doctors Without Borders USA,doctorswithoutborders.org,,,Top Charities List,,
dominica association of persons with disabilities inc,dominica association of persons with disabilities inc,"Dominica Association of Persons with Disabilities, Inc.",,,,NGO List,,
donorschoose,donorschoose,DonorsChoose,donorschoose.org,,,Tech Nonprofits,,
down syndrome australia,down syndrome australia,Down Syndrome Australia,,,,NGO List,,
down syndrome society of kenya,down syndrome society of kenya,Down Syndrome Society of Kenya,,,,NGO List,,
dream for disability foundation,dream for disability foundation,Dream for Disability Foundation,,,,NGO List,,
east eagle foundation,east eagle foundation,East Eagle Foundation,eff.org,,,NGO List,,
easter seals,easter seals,Easter Seals,easterseals.com,,,Top Charities List,,
eclipse foundation,eclipse foundation,Eclipse Foundation,eclipse.org,,,,,
educational media foundation,educational media foundation,Educational Media Foundation,ecfa.org,,,Top Charities List,,
egovernments foundation|egov foundation,egovernments foundation|egov foundation,eGovernments Foundation,egov.org.in|egovernments.org,,,,,
electric power research institute,electric power research institute,Electric Power Research Institute,epri.com,United States of America,,Gov Admins,,
electronic frontier foundation,electronic frontier foundation,Electronic Frontier Foundation,,,,NGO List,,
empowerment through integration,empowerment through integration,Empowerment Through Integration,etivision.org,,,NGO List,,
enosh,enosh,"Enosh, The Israeli Mental Health Association",,,,NGO List,,
entertainment industry foundation,entertainment industry foundation,Entertainment Industry Foundation,eifoundation.org,,,Top Charities List,,
entire power in social action,entire power in social action,Entire Power in Social Action,,,,NGO List,,
environmental defense fund,environmental defense fund,Environmental Defense Fund,edf.org,,,Top Charities List,,
entire power in social action|epsa nepal,entire power in social action|epsa nepal,EPSA Nepal,,,,NGO List,,
equal opportunities commission of hong kong,equal opportunities commission of hong kong,Equal Opportunities Commission of Hong Kong,,,,NGO List,,
equal rights for persons with disabilities international,equal rights for persons with disabilities international,Equal Rights for Persons with Disabilities International,,,,NGO List,,
equalize health,equalize health,Equalize Health,equalizehealth.org,,,Tech Nonprofits,,
equally unique,equally unique,Equally Unique,,,,NGO List,,
essl foundation,essl foundation,Essl Foundation,,,,NGO List,,
european association of service providers for persons with disabilities,european association of service providers for persons with disabilities,European Association of Service providers for Persons with Disabilities,,,,NGO List,,
european centre for law and justice,european centre for law and justice,European Centre for Law and Justice,,,,NGO List,,
european disability forum,european disability forum,European Disability Forum,,,,NGO List,,
european league of stuttering associations,european league of stuttering associations,European League of Stuttering Associations,,,,NGO List,,
european women's lobby,european women's lobby,European Women's Lobby,,,,NGO List,,
exploratorium,exploratorium,Exploratorium,exploratorium.edu,,,Tech Nonprofits,,
family research council,family research council,Family Research Council,,,,NGO List,,
family search|familysearch|familysearch.org,family search|familysearch|familysearch.org,Family Search,familysearch.org,,,,,
fédération guinéene pour la promotion des associations des personnes handicapées,fédération guinéene pour la promotion des associations des personnes handicapées,Fédération Guinéene pour la Promotion des Associations des Personnes Handicapées,,,,NGO List,,
fédération guinéenne des associations de personnes handicapées,fédération guinéenne des associations de personnes handicapées,Fédération guinéenne des associations de personnes handicapées,,,,NGO List,,
federation of and for people with disabilities,federation of and for people with disabilities,Federation of and for People with Disabilities,,,,NGO List,,
federation of ethiopian national associations of persons with disabilities,federation of ethiopian national associations of persons with disabilities,Federation of Ethiopian National Associations of Persons with disabilities,,,,NGO List,,
fédération togolaise des personnes handicapées,fédération togolaise des personnes handicapées,Fédération togolaise des personnes handicapées,,,,NGO List,,
feed the children,feed the children,Feed the Children,feedthechildrenorg,,,Top Charities List,,
feeding america,feeding america,Feeding America,feedingamerica.org,,,Top Charities List,,
fermi research alliance,fermi research alliance,Fermi Research Alliance,fra-hq.org,United States of America,,Gov Admins,,
festacusa,festacusa,FESTAC-USA,,,,NGO List,,
fight the stroke,fight the stroke,Fight the Stroke,,,,NGO List,,
fondation telethon,fondation telethon,Fondation Telethon,,,,NGO List,,
fondo teleton de apoyo a instituciones,fondo teleton de apoyo a instituciones,Fondo Teleton de Apoyo a Instituciones,,,,NGO List,,
food for the poor,food for the poor,Food for the Poor,foodforthepoor.com,,,Top Charities List,,
foresight institute,foresight institute,Foresight Institute,foresight.org,,,Tech Nonprofits,,
franiscans international,franiscans international,Franiscans International,,,,NGO List,,
franklin and eleasnor roosevelt institute,franklin and eleasnor roosevelt institute,Franklin & Eleasnor Roosevelt Institute,,,,NGO List,,
fraunhofer society|fraunhofer gesellschaft,fraunhofer society|fraunhofer gesellschaft,Fraunhofer Society,fraunhofer.de,,,,,
fred hutchinson|fred hutch,fred hutchinson|fred hutch,Fred Hutchinson Cancer Research Center,fredhutch.org,United States of America,,Common,,
free geek,free geek,Free Geek,freegeek.org,,,Tech Nonprofits,,
free software foundation,free software foundation,Free Software Foundation,fsf.org,,,Common,,
freebsd,freebsd,FreeBSD,NA,,,,,
friends of peace and development organization,friends of peace and development organization,Friends of Peace and Development Organization,,,,NGO List,,
fundación dime,fundación dime,"Fundación Dime, A.C.",,,,NGO List,,
fundacion teleton,fundacion teleton,Fundacion Teleton,,,,NGO List,,
g3ict|global initiative for inclusive technologies,g3ict|global initiative for inclusive technologies,"G3ict, Global Initiative for Inclusive Technologies",,,,NGO List,,
gambia future hands on disabled people,gambia future hands on disabled people,Gambia Future Hands on Disabled People,,,,NGO List,,
gapminder foundation,gapminder foundation,Gapminder Foundation,gapminder.org,,,,,
gedaraf digital city organization,gedaraf digital city organization,Gedaraf Digital City Organization,,,,NGO List,,
gerakan peduli disabilitas dan lepra indonesia,gerakan peduli disabilitas dan lepra indonesia,Gerakan Peduli Disabilitas Dan Lepra Indonesia,,,,NGO List,,
girl scouts,girl scouts,Girl Scouts of the USA,girlscouts.org,United States of America,,,,
girls in tech,girls in tech,Girls in Tech,girlsintech.org,,,Tech Nonprofits,,
girls who code,girls who code,Girls Who Code,girlswhocode.org,,,Tech Nonprofits,,
global alliance on accessible technologies and environment,global alliance on accessible technologies and environment,Global Alliance on Accessible Technologies and Environment,,,,NGO List,,
global deaf connection,global deaf connection,Global Deaf Connection,,,,NGO List,,
global disability innovation hub,global disability innovation hub,Global Disability Innovation Hub,,,,NGO List,,
global partnership for disability and development,global partnership for disability and development,Global Partnership for Disability and Development,,,,NGO List,,
globalgiving,globalgiving,GlobalGiving,globalgiving.org,,,Tech Nonprofits,,
globalpartnersunited,globalpartnersunited,GlobalPartnersUnited,,,,NGO List,,
good 360|good360,good 360|good360,Good 360,good360.org,,,Top Charities List,,
goodwill industries international|goodwill,goodwill industries international|goodwill,Goodwill Industries International,goodwill.org,United States of America,,Top Charities List,,
goody labs,goody labs,Goody Labs,goodylabs.com,United States of America,,Common,,
gordon and betty moore foundation,gordon and betty moore foundation,Gordon and Betty Moore Foundation,moore.org,,,,,
habitat for humanity,habitat for humanity,Habitat for Humanity International,habitat.org,,,Top Charities List,,
halftheplanet foundation,halftheplanet foundation,HalfthePlanet Foundation,,,,NGO List,,
handicap international,handicap international,Handicap International,,,,NGO List,,
harmony of the world,harmony of the world,Harmony of the World,,,,NGO List,,
harvard law school project on disability,harvard law school project on disability,Harvard Law School Project on Disability,,,,NGO List,,
heal the bay,heal the bay,Heal the Bay,healthebay.org,,,Tech Nonprofits,,
healthwell foundation,healthwell foundation,HealthWell Foundation,healthwellfoundation.org,,,Top Charities List,,
heart to heart international,heart to heart international,Heart to Heart International,hearttoheart.org,,,Top Charities List,,
helen keller international,helen keller international,Helen Keller International,hki.org,,,Top Charities List,,
helmholtz association,helmholtz association,Helmholtz Association,helmholtz.de,,,,,
help me see inc,help me see inc,"Help Me See, Inc",,,,NGO List,,
hong kong council of social service,hong kong council of social service,Hong Kong Council of Social Service,,,,NGO List,,
houston food bank,houston food bank,Houston Food Bank,houstonfoodbank.org,,,Top Charities List,,
human rights watch,human rights watch,Human Rights Watch,,,,NGO List,,
humane society of the united states|humane society,humane society of the united states|humane society,Humane Society of the United States,humansociety.org,United States of America,,Top Charities List,,
humanitarian organization for poverty eradication,humanitarian organization for poverty eradication,Humanitarian Organization for Poverty Eradication,,,,NGO List,,
idea center,idea center,Idea Center,ideaedu.org,,,NGO List,,
ifendu for women's development,ifendu for women's development,IFENDU for Women's Development,,,,NGO List,,
impact foundation bangladesh,impact foundation bangladesh,Impact Foundation Bangladesh,,,,NGO List,,
inclusion international,inclusion international,Inclusion International,inclusion-international.org,,,NGO List,,
inclusion ireland,inclusion ireland,Inclusion Ireland,,,,NGO List,,
institute for defense analyses,institute for defense analyses,Institute for Defense Analyses,ida.org,,,Gov Admins,,
institute for human centered design|adaptive environments,institute for human centered design|adaptive environments,Institute for Human Centered Design|Adaptive Environments,,,,NGO List,,
institute of developing economies,institute of developing economies,Institute of Developing Economies,,,,NGO List,,
institute of electrical and electronics engineers|ieee,institute of electrical and electronics engineers|ieee,Institute of Electrical and Electronics Engineers,ieee.org|computer.org,,,,,
institute on disability and public policy,institute on disability and public policy,Institute on Disability and Public Policy,,,,NGO List,,
instituto paradigma,instituto paradigma,Instituto Paradigma,,,,NGO List,,
instituto ser educacional,instituto ser educacional,Instituto ser educacional,,,,NGO List,,
interamerican institute on disability,interamerican institute on disability,Inter-American Institute on Disability,,,,NGO List,,
interconnection.org,interconnection.org,InterConnection.org,interconnection.org,,,Tech Nonprofits,,
international center for autism research and education,international center for autism research and education,International Center for Autism Research and Education,,,,NGO List,,
red cross,red cross,International Committee of the Red Cross,redcross.org,,,Top Charities List,,
international council for caring communities inc,international council for caring communities inc,"International Council For Caring Communities, Inc",,,,NGO List,,
international disability alliance,international disability alliance,International Disability Alliance,,,,NGO List,,
international dyslexia association,international dyslexia association,International Dyslexia Association,,,,NGO List,,
international federation for spina bifida and hydrocephalus,international federation for spina bifida and hydrocephalus,International Federation for Spina Bifida and Hydrocephalus,,,,NGO List,,
international federation of adapted physical activity,international federation of adapted physical activity,International Federation of Adapted Physical Activity,,,,NGO List,,
international federation of hard of hearing people,international federation of hard of hearing people,International Federation of Hard of Hearing People,,,,NGO List,,
international human rights association of american minorities,international human rights association of american minorities,International Human Rights Association of American Minorities,,,,NGO List,,
international institute of information technology bangladore|iiitb,international institute of information technology bangladore|iiitb,International Institute of Information Technology,iiitb.org,,,,,
international organization for standardization,international organization for standardization,International Organization for Standardization,,,,NGO List,,
international paralympic committee,international paralympic committee,International Paralympic Committee,,,,NGO List,,
international rescue committee,international rescue committee,International Rescue Committee,rescue.org,,,Top Charities List,,
international right to life federation,international right to life federation,International Right to Life Federation,,,,NGO List,,
international save the children alliance,international save the children alliance,International Save the Children Alliance,,,,NGO List,,
international society of physical and rehabilitation medicine,international society of physical and rehabilitation medicine,International Society of Physical and Rehabilitation Medicine,,,,NGO List,,
international stuttering association,international stuttering association,International Stuttering Association,,,,NGO List,,
international voluntary organization for women education and development,international voluntary organization for women education and development,"International Voluntary Organization for Women, Education and Development",,,,NGO List,,
internet archive,internet archive,Internet Archive,archive.org,,,Tech Nonprofits,,
inveneo,inveneo,Inveneo,inveneo.org,,,Tech Nonprofits,,
iota foundation,iota foundation,IOTA Foundation,,,,,,
iraqi handicapped and survivors society,iraqi handicapped and survivors society,Iraqi Handicapped and Survivors Society,,,,NGO List,,
ius gentium conimbrigae institutehuman rights centre,ius gentium conimbrigae institutehuman rights centre,IUS Gentium Conimbrigae Institute-Human Rights Centre,,,,NGO List,,
japan disability forum,japan disability forum,Japan Disability Forum,,,,NGO List,,
jdrf international,jdrf international,JDRF International,jdrf.org,,,Top Charities List,,
jefferson science associates,jefferson science associates,Jefferson Science Associates,jlab.org,United States of America,,Gov Admins,,
jesh foundation,jesh foundation,Jesh Foundation,,,,NGO List,,
jewish federation of metropolitan chicago,jewish federation of metropolitan chicago,Jewish Federation of Metropolitan Chicago,juf.org,,,Top Charities List,,
joint national association of persons with disabilities,joint national association of persons with disabilities,Joint National Association of Persons with Disabilities,,,,NGO List,,
jubilee sailing trust,jubilee sailing trust,Jubilee Sailing Trust,,,,NGO List,,
junior achievement usa,junior achievement usa,Junior Achievement USA,ja.org,,,Top Charities List,,
junior chamber international nigeria,junior chamber international nigeria,Junior Chamber International Nigeria,,,,NGO List,,
kde,kde,KDE Community,kde.org,,,,,
kéroul,kéroul,Kéroul,,,,NGO List,,
keystone human services internationalkids brain health network,keystone human services internationalkids brain health network,Keystone Human Services InternationalKids Brain Health Network,,,,NGO List,,
khan academy,khan academy,Khan Academy,khanacademy.com,United States of America,,Common,,
kiwani|kiwanis,kiwani|kiwanis,Kiwanis International,kiwanis.org,,,,,
knights of columbus,knights of columbus,Knights of Columbus,kofc.org,United States of America,,,,
korea association of persons with physical disabilities,korea association of persons with physical disabilities,Korea Association of Persons with Physical Disabilities,,,,NGO List,,
korea differently abled women united,korea differently abled women united,Korea Differently Abled Women United,,,,NGO List,,
korea disability law association,korea disability law association,Korea Disability Law Association,,,,NGO List,,
korea employment security association for the disabled,korea employment security association for the disabled,Korea Employment Security Association for the Disabled,,,,NGO List,,
korea federation of organizations of the disabled,korea federation of organizations of the disabled,Korea Federation of Organizations of the Disabled,,,,NGO List,,
korea spinal cord injury association,korea spinal cord injury association,Korea Spinal Cord Injury Association,,,,NGO List,,
korean differently abled federation,korean differently abled federation,Korean Differently Abled Federation,,,,NGO List,,
korean network for accessible tourism,korean network for accessible tourism,Korean Network for Accessible Tourism,,,,NGO List,,
korean society for rehabilitation of persons with disabilities,korean society for rehabilitation of persons with disabilities,Korean Society for Rehabilitation of Persons with Disabilities,,,,NGO List,,
koshish: national mental health selfhelp organisation,koshish: national mental health selfhelp organisation,Koshish: National Mental Health Self-help Organisation,,,,NGO List,,
kpakpando foundation for physically challenged persons,kpakpando foundation for physically challenged persons,Kpakpando Foundation for Physically Challenged Persons,,,,NGO List,,
kuwaiti society for guardians of the disabled,kuwaiti society for guardians of the disabled,Kuwaiti Society for Guardians of the Disabled,,,,NGO List,,
lakeshore foundation,lakeshore foundation,Lakeshore Foundation,,,,NGO List,,
landmine survivors network,landmine survivors network,Landmine Survivors Network,,,,NGO List,,
latin american blind union,latin american blind union,Latin American Blind Union,,,,NGO List,,
latin american network of nongovernmental organizations of persons with disabilities and their families,latin american network of nongovernmental organizations of persons with disabilities and their families,Latin American Network of Non-Governmental Organizations of Persons with Disabilities and their Families,,,,NGO List,,
lawrence livermore national security,lawrence livermore national security,Lawrence Livermore National Security,llnsllc.com,United States of America,,Gov Admins,,
lebanese physical handicapped union,lebanese physical handicapped union,Lebanese Physical Handicapped Union,,,,NGO List,,
lebanese welfare association for the handicapped,lebanese welfare association for the handicapped,Lebanese Welfare Association for the Handicapped,,,,NGO List,,
leibniz association,leibniz association,Leibniz Association,leibniz-gemeinschaft.de,,,,,
leidos relief foundation,leidos relief foundation,Leidos Relief Foundation,,United States of America,,Common,,
leonard cheshire international,leonard cheshire international,Leonard Cheshire International,,,,NGO List,,
lesotho national league of the visually impaired persons,lesotho national league of the visually impaired persons,Lesotho National League of the Visually Impaired Persons,,,,NGO List,,
leukemia and lymphoma society,leukemia and lymphoma society,Leukemia & Lymphoma Society,lls.org,,,Top Charities List,,
life vanguards,life vanguards,Life Vanguards,,,,NGO List,,
lift up care for the needy foundation,lift up care for the needy foundation,Lift Up Care for the Needy Foundation,,,,NGO List,,
light for the world,light for the world,Light for the World,,,,NGO List,,
lions club,lions club,Lions Club International,lionsclub.org,United States of America,,Common,,
little people of kosova,little people of kosova,Little People of Kosova,,,,NGO List,,
lotos disability awareness and learning center,lotos disability awareness and learning center,LOTOS Disability Awareness and Learning Center,,,,NGO List,,
lumos foundation,lumos foundation,Lumos Foundation,,,,NGO List,,
lutheran services in america,lutheran services in america,Lutheran Services in America,luthernservices.org,,,Top Charities List,,
make-a-wish foundation of america|make a wish|make-a-wis,make-a-wish foundation of america|make a wish|make-a-wis,Make-A-Wish Foundation of America,wish.org,United States of America,,Top Charities List,,
manasa,manasa,Manasa,,,,NGO List,,
map international,map international,MAP International,map.org,,,Top Charities List,,
march of dimes canada,march of dimes canada,March of Dimes Canada,,,,NGO List,,
toys for tots,toys for tots,Marine Toys for Tots Foundation,toysfortots.org,,,Top Charities List,,
markaz e umeed,markaz e umeed,Markaz-e-Umeed for Special Needs Children,markaz-e-umeed.com.pk/,Pakistan,,NGO List,,
matthew 25: ministries|matthew 25 ministries,matthew 25: ministries|matthew 25 ministries,Matthew 25: Ministries,m25m.org,,,Top Charities List,,
max planck,max planck,Max Planck Society for the Advancement of Science,gv.mpg.de|mpg.de,Germany,,Common,,
mayo clinic,mayo clinic,Mayo Clinic,mayoclinic.org,United States of America,,Top Charities List,,
meals on wheels,meals on wheels,Meals on Wheels America,mealsonwheelsamerica.org,United States of America,,,,
médecins sans frontières|medecins sans frontieres,médecins sans frontières|medecins sans frontieres,Médecins Sans Frontières,msf.org,,,Common,,
memorial sloan kettering cancer center|sloan kettering,memorial sloan kettering cancer center|sloan kettering,Memorial Sloan Kettering Cancer Center,mskcc.org,United States of America,,Top Charities List,,
mental disability advocacy centre,mental disability advocacy centre,Mental Disability Advocacy Centre,,,,NGO List,,
mental disability rights international,mental disability rights international,Mental Disability Rights International,,,,NGO List,,
mercy corps,mercy corps,Mercy Corps,mercycorps.org,,,Top Charities List,,
metropolitan museum of art|moma,metropolitan museum of art|moma,Metropolitan Museum of Art,metmuseum.org,,,Top Charities List,,
metropolitan opera association,metropolitan opera association,Metropolitan Opera Association,metopera.org,,,Top Charities List,,
midwest food bank,midwest food bank,Midwest Food Bank,midwestfoodbank.org,,,Top Charities List,,
midwest research institute,midwest research institute,Midwest Research Institute,mriglobal.org,United States of America,,Gov Admins,,
mine and weapon victims association,mine and weapon victims association,Mine and Weapon Victims Association,,,,NGO List,,
mine combat organization,mine combat organization,Mine Combat Organization,,,,NGO List,,
mobile theatre cultural society,mobile theatre cultural society,Mobile Theatre Cultural Society,,,,NGO List,,
mount sinai health systems|mount sanai,mount sinai health systems|mount sanai,Mount Sinai Health Systems,mountsinai.org,,,Top Charities List,,
mozilla|mozillascience,mozilla|mozillascience,Mozilla Foundation,mozilla.org|mozillafoundation.org,,,Tech Nonprofits,,
muscle disabilities association of korea,muscle disabilities association of korea,Muscle Disabilities Association of Korea,,,,NGO List,,
national academies of sciences engineering and medicine|national academies of science|national academy of science|national academy of engineering|national academy of medicine|nasem,national academies of sciences engineering and medicine|national academies of science|national academy of science|national academy of engineering|national academy of medicine|nasem,"National Academies of Sciences, Engineering, and Medicine",nationalacademies.org,,,,,
national association of disabled people of angola,national association of disabled people of angola,National Association of Disabled People of Angola,,,,NGO List,,
national association of the deaf,national association of the deaf,National Association of the Deaf,nad.org,United States of America,,Common,,
national center for women and information technology,national center for women and information technology,National Center for Women & Information Technology,,,,Tech Nonprofits,,
national centre for persons with disabilities,national centre for persons with disabilities,National Centre for Persons with Disabilities,,,,NGO List,,
national council of and for persons with disabilities inc st lucia,national council of and for persons with disabilities inc st lucia,National Council of and for Persons with Disabilities Inc. St. Lucia,,,,NGO List,,
national federation of organizations of persons with disabilities of honduras,national federation of organizations of persons with disabilities of honduras,National Federation of Organizations of Persons with Disabilities of Honduras,,,,NGO List,,
national federation of the blind,national federation of the blind,National Federation of the Blind,,,,NGO List,,
national forum of organizations working with the disabled,national forum of organizations working with the disabled,National Forum of Organizations Working with the Disabled,,,,NGO List,,
national grassroots disability organization,national grassroots disability organization,National Grassroots Disability Organization,,,,NGO List,,
national multiple sclerosis society,national multiple sclerosis society,National Multiple Sclerosis Society,nmss.org,,,Top Charities List,,
npr|national public radio,npr|national public radio,National Public Radio,npr.org,United States of America,,Common,,
national rehabilitation and deveopment center,national rehabilitation and deveopment center,National Rehabilitation and Deveopment Center,,,,NGO List,,
national technology and engineering solutions of sandia,national technology and engineering solutions of sandia,National Technology and Engineering Solutions of Sandia,sandia.gov,United States of America,,Gov Admins,,
national union of organizations of the disabled,national union of organizations of the disabled,National Union of Organizations of the Disabled,,,,NGO List,,
national union of people with disabilities of tajikistan,national union of people with disabilities of tajikistan,National Union of People with Disabilities of Tajikistan,,,,NGO List,,
nature conservation foundation,nature conservation foundation,Nature Conservation Foundation,"ncf-india,org",,,,,
neighbour organization,neighbour organization,Neighbour Organization,,,,NGO List,,
neil squire society,neil squire society,Neil Squire Society,,,,NGO List,,
nepal association of the blind,nepal association of the blind,Nepal Association of the Blind,,,,NGO List,,
nepal disabled human rights center,nepal disabled human rights center,Nepal Disabled Human Rights Center,,,,NGO List,,
nepal disabled women association,nepal disabled women association,Nepal Disabled Women Association,,,,NGO List,,
nepal national federation of the deaf and hard of hearing,nepal national federation of the deaf and hard of hearing,Nepal National Federation of the Deaf and Hard of Hearing,,,,NGO List,,
nethope,nethope,NetHope,nethope.org,,,Tech Nonprofits,,
network for good,network for good,Network for Good,networkforgood.com,United States of America,,Tech Nonprofits,,
network forum for women with disability,network forum for women with disability,Network Forum for Women with Disability,,,,NGO List,,
network of accessible environments for all,network of accessible environments for all,Network of Accessible Environments for All,,,,NGO List,,
network of organizations working with people with disabilities pakistan,network of organizations working with people with disabilities pakistan,"Network of Organizations Working with People with Disabilities, Pakistan",,,,NGO List,,
new south wales consumer advisory group,new south wales consumer advisory group,New South Wales Consumer Advisory Group,,,,NGO List,,
new south wales council for intellectual disability,new south wales council for intellectual disability,New South Wales Council for Intellectual Disability,,,,NGO List,,
new world hope organization,new world hope organization,New World Hope Organization,,,,NGO List,,
new york academy of sciences|nyas,new york academy of sciences|nyas,New York Academy of Sciences,nyas.org,,,Tech Nonprofits,,
new york presbyterian hospital|new york presbyterian,new york presbyterian hospital|new york presbyterian,New York Presbyterian Hospital,nyp.org,,,Top Charities List,,
nonprofit technology resources,nonprofit technology resources,Nonprofit Technology Resources,ntrweb.org,,,Tech Nonprofits,,
noor fatima welfare trust,noor fatima welfare trust,Noor Fatima Welfare Trust,,,,NGO List,,
norc,norc,NORC,norc.org,United States of America,,Gov Admins,,
northeastern university center for the study of sport in society,northeastern university center for the study of sport in society,"Northeastern University, Center for the Study of Sport in Society",,,,NGO List,,
nten|nonprofit technology enterprise network,nten|nonprofit technology enterprise network,NTEN: The Nonprofit Technology Enterprise Network,nten.org,,,Tech Nonprofits,,
nurses across the borders,nurses across the borders,Nurses Across the Borders,,,,NGO List,,
one billion strong,one billion strong,One Billion Strong,,,,NGO List,,
one laptop per child,one laptop per child,One Laptop per Child,laptop.org,,,Tech Nonprofits,,
open networking foundation,open networking foundation,Open Networking Foundation,opennetworking.org,,,,,
open preservation foundation,open preservation foundation,Open Preservation Foundation,openpreservation.org,,,,,
open source applications foundation|osa foundation,open source applications foundation|osa foundation,Open Source Applications Foundation,osafoundation.org,,,Tech Nonprofits,,
open source robotics foundation|osr foundation|osfr,open source robotics foundation|osr foundation|osfr,Open Source Robotics Foundation,osrfoundation.org,,,,,
open water foundation,open water foundation,Open Water Foundation,openwaterfoundation.org,,,,,
open web application security project|owasp,open web application security project|owasp,Open Web Application Security Project,owasp.org,,,,,
opencog foundation,opencog foundation,OpenCog Foundation,opencog.org,,,,,
openehr foundation,openehr foundation,openEHR Foundation,openehr.org,,,,,
opensocial foundation,opensocial foundation,OpenSocial Foundation,opensocial.org,,,,,
orange penguin foundation,orange penguin foundation,Orange Penguin Foundation,,,,NGO List,,
organisation constellee pour le developpement economique et social de la communedes des gonaives,organisation constellee pour le developpement economique et social de la communedes des gonaives,Organisation Constellee Pour le Developpement Economique et Social de la Communedes des Gonaives,,,,NGO List,,
organisation sociale pour la protection des personnes handicapées d'haïti,organisation sociale pour la protection des personnes handicapées d'haïti,Organisation Sociale pour la Protection des Personnes Handicapées d'Haïti,,,,NGO List,,
pakistan community peace foundation,pakistan community peace foundation,Pakistan Community Peace Foundation,,,,NGO List,,
paralyzed veterans of america,paralyzed veterans of america,Paralyzed Veterans of America,pva.org,,,Top Charities List,,
partnership for inclusive disaster strategies,partnership for inclusive disaster strategies,Partnership for Inclusive Disaster Strategies,,,,NGO List,,
passionists international,passionists international,Passionists International,,,,NGO List,,
path foundation|path,path foundation|path,PATH Foundation,panfoundation.org,,,Top Charities List,,
patient access network foundation,patient access network foundation,Patient Access Network Foundation,panfoundation.org,,,Top Charities List,,
pax christi international international catholic peace movement,pax christi international international catholic peace movement,"Pax Christi International, International Catholic Peace Movement",,,,NGO List,,
peace and tolerance international organization,peace and tolerance international organization,Peace and Tolerance International Organization,,,,NGO List,,
people first of canada,people first of canada,People First of Canada,,,,NGO List,,
people who,people who,People Who,,,,NGO List,,
people with disabilities in ireland,people with disabilities in ireland,People with Disabilities in Ireland,,,,NGO List,,
people with disabilities uganda,people with disabilities uganda,People with Disabilities Uganda,,,,NGO List,,
people with disability australia incorporated,people with disability australia incorporated,People with Disability Australia Incorporated,,,,NGO List,,
perkins school for the blind,perkins school for the blind,Perkins School for the Blind,,,,NGO List,,
persons with pain international,persons with pain international,Persons With Pain International,,,,NGO List,,
pew,pew,Pew Research,pewresearch.org,United States of America,,Common,,
physicallychallenged development foundation,physicallychallenged development foundation,Physically-challenged Development Foundation,,,,NGO List,,
pineda foundation for youth|victor pineda foundation,pineda foundation for youth|victor pineda foundation,Pineda Foundation for Youth|Victor Pineda Foundation,,,,NGO List,,
planned parenthood,planned parenthood,Planned Parenthood Federation of America,plannedparenthood.org,,,Top Charities List,,
planwell group organization,planwell group organization,Planwell Group Organization,,,,NGO List,,
polio plus movement against disability,polio plus movement against disability,Polio Plus Movement Against Disability,,,,NGO List,,
population services international,population services international,Population Services International,psi.org,,,Top Charities List,,
potohar mental health association,potohar mental health association,Potohar Mental Health Association,,,,NGO List,,
pro infirmis,pro infirmis,Pro Infirmis,,,,NGO List,,
progetto filippide,progetto filippide,Progetto Filippide,,,,NGO List,,
prosperity now,prosperity now,Prosperity Now,prosperitynow.org,,,Common,,
psychological center for research,psychological center for research,Psychological Center for Research,,,,NGO List,,
public interest law center of philadelphia,public interest law center of philadelphia,Public Interest Law Center of Philadelphia,,,,NGO List,,
public interest registry,public interest registry,Public Interest Registry,thenew.org,,,Tech Nonprofits,,
pugu poverty alleviation and development agency,pugu poverty alleviation and development agency,PUGU Poverty Alleviation and Development Agency,,,,NGO List,,
qatar foundation,qatar foundation,Qatar Foundation,qf.org.qa,,,,,
rand,rand,RAND Corporation,rand.org,United States of America,,Gov Admins,,
raspberry pi foundation|raspberrypifoundation,raspberry pi foundation|raspberrypifoundation,Raspberry Pi Foundation,raspberrypi.org,,,,,
reclaiming our future alliance international committee,reclaiming our future alliance international committee,Reclaiming Our Future Alliance International Committee,,,,NGO List,,
red de asistencia legal y social,red de asistencia legal y social,Red de Asistencia Legal y Social,,,,NGO List,,
rehabilitation international,rehabilitation international,Rehabilitation International,,,,NGO List,,
réseau des associations des personnes handicapées,réseau des associations des personnes handicapées,Réseau des Associations des Personnes Handicapées,,,,NGO List,,
réseau guinéen des organisations des personnes handicapées pour la promotion de la cidph,réseau guinéen des organisations des personnes handicapées pour la promotion de la cidph,Réseau Guinéen des Organisations des Personnes Handicapées pour la Promotion de la CIDPH,,,,NGO List,,
rioinclui,rioinclui,RIOinclui,,,,NGO List,,
robert wood johnson foundation,robert wood johnson foundation,Robert Wood Johnson Foundation,rwjf.org,United States of America,,,,
ronald mcdonald house,ronald mcdonald house,Ronald McDonald House Charities,rmhc.org,,,Top Charities List,,
rotary foundation of rotary international|rotary foundation|rotary international|rotary club|rotary clubs,rotary foundation of rotary international|rotary foundation|rotary international|rotary club|rotary clubs,Rotary Foundation of Rotary International,rotary.org,,,Top Charities List,See IRS data,
royal college of speech and language therapist,royal college of speech and language therapist,Royal College of Speech and Language Therapist,,,,NGO List,,
royal commonwealth society for the blind,royal commonwealth society for the blind,Royal Commonwealth Society for the Blind,,,,NGO List,,
russian academy of sciences|pоссийская академия наук,russian academy of sciences|pоссийская академия наук,Russian Academy of Sciences,ras.ru,,,,,
ryan martin foundation,ryan martin foundation,Ryan Martin Foundation,,,,NGO List,,
salvation army,salvation army,Salvation Army,salvationarmyusa.org,United States of America,,Top Charities List,See IRS data,
samaritan's purse,samaritan's purse,Samaritan's Purse,samaritan.org,,,Top Charities List,,
san marino paralympic committee,san marino paralympic committee,San Marino Paralympic Committee,,,,NGO List,,
savannah river nuclear solutions,savannah river nuclear solutions,Savannah River Nuclear Solutions,savannahrivernuclearsolutions.com,United States of America,,Gov Admins,,
save the children,save the children,Save The Children,,,,NGO List,,
save the children federation|save the children,save the children federation|save the children,Save the Children Federation,savechildren.org|savethechildren.org,,,Top Charities List,,
scholarship america,scholarship america,Scholarship America,scholarshipamerica.org,,,Top Charities List,,
scripps research,scripps research,Scripps Research,scripps.edu,,,,,
secretariat of the african decade of persons with disabilities,secretariat of the african decade of persons with disabilities,Secretariat of the African Decade of Persons with Disabilities,,,,NGO List,,
sense international,sense international,Sense International,,,,NGO List,,
seocho centre for independent living,seocho centre for independent living,Seocho Centre for Independent Living,,,,NGO List,,
setu development intervention centre,setu development intervention centre,Setu Development Intervention Centre,,,,NGO List,,
shanta memorial rehabilitation centre,shanta memorial rehabilitation centre,Shanta Memorial Rehabilitation Centre,,,,NGO List,,
shriners hospitals for children,shriners hospitals for children,Shriners Hospitals for Children,shrinenet.org,,,Top Charities List,,
sierra leone campus civitian international,sierra leone campus civitian international,Sierra Leone Campus Civitian International,,,,NGO List,,
skoll foundation,skoll foundation,Skoll Foundation,skoll.org,,,Tech Nonprofits,,
smile train,smile train,Smile Train,smiletrain.org,,,Top Charities List,,
smithsonian institution|smithsonian,smithsonian institution|smithsonian,Smithsonian Institution,si.edu,,,Top Charities List,,
society for mental health care,society for mental health care,Society for Mental Health Care,,,,NGO List,,
society for science,society for science,Society for Science,societyforscience.org,,,Tech Nonprofits,,
society of catholic social scientist inc,society of catholic social scientist inc,"Society of Catholic Social Scientist, Inc.",,,,NGO List,,
software in the public interest,software in the public interest,Software in the Public Interest,spi-inc.org,,,Tech Nonprofits,,
software literacy foundation,software literacy foundation,Software Literacy Foundation,softwareliteracyfoundation.org,,,,,
solar cookers international,solar cookers international,Solar Cookers International,,,,NGO List,,
somaliland national disability forum,somaliland national disability forum,Somaliland National Disability Forum,,,,NGO List,,
sos education,sos education,SOS Education,,,,NGO List,,
sourceamerica,sourceamerica,SourceAmerica,,,,NGO List,,
southwest research institute,southwest research institute,Southwest Research Institute,swri.org,United States of America,,Gov Admins,,
sozialhelden,sozialhelden,Sozialhelden,,,,NGO List,,
special abilities development association,special abilities development association,Special Abilities Development Association,,,,NGO List,,
special olympics,special olympics,Special Olympics,specialolympics.org,,,Top Charities List,,
st. jude children's research hospital|st. jude's|st. judes,st. jude children's research hospital|st. jude's|st. judes,St. Jude Children's Research Hospital,stjude.org,,,Top Charities List,,
st. mary's food bank alliance,st. mary's food bank alliance,St. Mary's Food Bank Alliance,firstfoodbank.org,,,Top Charities List,,
statute of mine combat organization,statute of mine combat organization,Statute of Mine Combat Organization,,,,NGO List,,
step up for students,step up for students,Step Up for Students,stepupforstudents.org,,,Top Charities List,,
sudan association for combating landmines,sudan association for combating landmines,Sudan Association for Combating Landmines,,,,NGO List,,
support coalition international,support coalition international,Support Coalition International,,,,NGO List,,
susan g. komen|susan g komen,susan g. komen|susan g komen,Susan G. Komen,komen.org,,,Top Charities List,,
swedish disability federation,swedish disability federation,Swedish Disability Federation,,,,NGO List,,
tangata group,tangata group,Tangata Group,,,,NGO List,,
task force for global health,task force for global health,Task Force for Global Health,taskforce.org,,,Top Charities List,,
teach for america,teach for america,Teach for America,teachforamerica.org,,,Top Charities List,,
tech:nyc|technyc|tech nyc,tech:nyc|technyc|tech nyc,Tech:NYC,technyc.org,,,Tech Nonprofits,,
techsoup,techsoup,TechSoup,techsoup.org,United States of America,,Tech Nonprofits,,
the aerospace corporation,the aerospace corporation,The Aerospace Corporation,aerospace.org,United States of America,,Gov Admins,,
american legion,american legion,The American Legion,legion.org,United States of America,,,,
apache,apache,The Apache Software Foundation,apache.org,,,,,
the arc,the arc,The Arc,thearc.org,,,Top Charities List,,
the atlas alliance,the atlas alliance,The Atlas Alliance,,,,NGO List,,
the cambodia trust,the cambodia trust,The Cambodia Trust,,,,NGO List,,
the cna corporation,the cna corporation,The CNA Corporation,cna.org,United States of America,,Gov Admins,,
debian,debian,The Debian Project,NA,,,,,
the family resource network inc,the family resource network inc,The Family Resource Network Inc.,,,,NGO List,,
fedora project,fedora project,The Fedora Project,fedoraproject.org,,,,,
hdf group,hdf group,The HDF Group,hdfgroup.org,,,,,
the hong kong council of social services,the hong kong council of social services,The Hong Kong Council of Social Services,,,,NGO List,,
the israel human rights center for people with disabilities bizchut,the israel human rights center for people with disabilities bizchut,"The Israel Human Rights Center for People with Disabilities, Bizchut",,,,NGO List,,
jackson lab|jackson laboratory,jackson lab|jackson laboratory,The Jackson Laboratory,jax.org,,,,,
linux foundation,linux foundation,The Linux Foundation,gentoo.org|linuxmail.org|linux.org|kernal.org|linuxfoundation.org,,,,,
the lucy foundation,the lucy foundation,The Lucy Foundation,,,,NGO List,,
michael j fox foundation,michael j fox foundation,The Michael J. Fox Foundation,michaeljfox.org,,,Tech Nonprofits,,
mitre,mitre,The MITRE Corporation,mitre.org,United States of America,,Common,,
the national federation of the blind of the united kingdom,the national federation of the blind of the united kingdom,The National Federation of the Blind of the United Kingdom,,,,NGO List,,
national society for children and adults with learning disabilities and their families,national society for children and adults with learning disabilities and their families,The National Society for Children and Adults with Learning Disabilities and their Families,,,,NGO List,,
nature conservancy,nature conservancy,The Nature Conservancy,tnc.org,,,Top Charities List,,
rosetta foundation,rosetta foundation,The Rosetta Foundation,therosettafoundation.org,,,Tech Nonprofits,,
the secretariat of the african decade of persons with disabilities,the secretariat of the african decade of persons with disabilities,The Secretariat of the African Decade of Persons with Disabilities,,,,NGO List,,
the society for the protection of unborn children,the society for the protection of unborn children,The Society for the Protection of Unborn Children,,,,NGO List,,
the speech pathology association of australia limited,the speech pathology association of australia limited,The Speech Pathology Association of Australia Limited,,,,NGO List,,
threshold association,threshold association,Threshold Association,,,,NGO List,,
triad national security,triad national security,Triad National Security,triadns.org,United States of America,,Gov Admins,,
trilogy education services,trilogy education services,Trilogy Education Services,trilogyed.com,United States of America,,Common,,
tunisian association for the promotion of employment for the handicapped,tunisian association for the promotion of employment for the handicapped,Tunisian Association for the Promotion of Employment for the Handicapped,,,,NGO List,,
tunisian organization for defending the rights of persons with disabilities,tunisian organization for defending the rights of persons with disabilities,Tunisian Organization for Defending the Rights of Persons with Disabilities,,,,NGO List,,
turkey education and solidarity foundation for people with disabilities,turkey education and solidarity foundation for people with disabilities,Turkey Education and Solidarity Foundation for People with Disabilities,,,,NGO List,,
uchicago argonne,uchicago argonne,UChicago Argonne,uchicagoargonnellc.org,United States of America,,Gov Admins,,
ucp wheels for humanity,ucp wheels for humanity,UCP Wheels for Humanity,,,,NGO List,,
uja federation of new york,uja federation of new york,UJA/Federation of New York,ujafedny.org,,,Top Charities List,,
unicef,unicef,UNICEF,unicef.org|unicefusa.org,,,Top Charities List,,
union des personnes handicapées du burundi,union des personnes handicapées du burundi,Union des personnes handicapées du Burundi,,,,NGO List,,
union internationale des avocats international union of lawyers,union internationale des avocats international union of lawyers,Union Internationale des Avocats- International Union of Lawyers,,,,NGO List,,
union of disabled people's organizations,union of disabled people's organizations,Union of Disabled People's Organizations,,,,NGO List,,
union of the deaf bulgaria,union of the deaf bulgaria,Union of the Deaf Bulgaria,,,,NGO List,,
united disabled persons of kenya,united disabled persons of kenya,United Disabled Persons of Kenya,,,,NGO List,,
united kingdom disabled people's council|british council of disabled people,united kingdom disabled people's council|british council of disabled people,United Kingdom Disabled People's Council,,,,NGO List,,
united nations|world food programme,united nations|world food programme,United Nations,un.org,,,,,
united service organizations,united service organizations,United Service Organizations,uso.org,,,Top Charities List,,
united states burn support organization,united states burn support organization,United States Burn Support Organization,,,,NGO List,,
united way worldwide|united way,united way worldwide|united way,United Way Worldwide,unitedway.org,,,Top Charities List,,
universities research association,universities research association,Universities Research Association,ura-hq.org,United States of America,,Gov Admins,,
university corporation for atmospheric research,university corporation for atmospheric research,University Corporation for Atmospheric Research,ucar.edu,United States of America,,Gov Admins,,
urban institute,urban institute,Urban Institute,urban.org,United States of America,,Common,,
venture house,venture house,Venture House,,,,NGO List,,
ver foundation,ver foundation,Ver Foundation,,,,NGO List,,
vietnam veterans of america foundation,vietnam veterans of america foundation,Vietnam Veterans of America Foundation,,,,NGO List,,
vision for the blind sierra leone,vision for the blind sierra leone,Vision for the Blind Sierra Leone,,,,NGO List,,
voice of specially abled people inc,voice of specially abled people inc,Voice of Specially Abled People Inc.,,,,NGO List,,
wafunif,wafunif,WAFUNIF,,,,NGO List,,
web3 foundation,web3 foundation,Web3 Foundation,web3.foundation,,,,,
wellcome trust|wellcome trust sanger institute|wellcome,wellcome trust(?! sanger institute)|wellcome trust sanger institute|wellcome(?! trust),Wellcome Trust,wellcome.org,United Kingdom,,Common,,
wgbh educational foundation,wgbh educational foundation,WGBH Educational Foundation,wgbh.org,,,Top Charities List,,
wheelchairs of hope,wheelchairs of hope,Wheelchairs of Hope,,,,NGO List,,
wikimedia|wikipedia,wikimedia|wikipedia,Wikimedia Foundation,wikimedia.org,,,Common,,
women enabled international,women enabled international,Women Enabled International,,,,NGO List,,
women striving for brighter tomorrow,women striving for brighter tomorrow,Women Striving for Brighter Tomorrow,,,,NGO List,,
women who code,women who code,Women Who Code,womenwhocode.org,,,Tech Nonprofits,,
women with disabilities arts and cultural network,women with disabilities arts and cultural network,Women with Disabilities Arts and Cultural Network,,,,NGO List,,
women's refugee commission,women's refugee commission,Women's Refugee Commission,,,,NGO List,,
world bank,world bank,World Bank Group,worldbank.org,,,,,
world blind union,world blind union,World Blind Union,,,,NGO List,,
world disability foundation,world disability foundation,World Disability Foundation,,,,NGO List,,
world economic forum,world economic forum,World Economic Forum,weforum.org,,,Tech Nonprofits,,
world federalist national association of nepal,world federalist national association of nepal,World Federalist National Association of Nepal,,,,NGO List,,
world federation of the deaf,world federation of the deaf,World Federation of the Deaf,,,,NGO List,,
world federation of the deafblind,world federation of the deafblind,World Federation of the Deafblind,,,,NGO List,,
world future council foundation,world future council foundation,World Future Council Foundation,,,,NGO List,,
world network of users and survivors of psychiatry,world network of users and survivors of psychiatry,World Network of Users and Survivors of Psychiatry,,,,NGO List,,
world of network of users and survivors of psychiatry,world of network of users and survivors of psychiatry,World of Network of Users and Survivors of Psychiatry,,,,NGO List,,
world union for progressive judiasm,world union for progressive judiasm,World Union for Progressive Judiasm,,,,NGO List,,
world vision,world vision,World Vision,worldvision.org,,,Top Charities List,,
world wide web consortium|w3c,world wide web consortium|w3c,World Wide Web Consortium,w3.org,,,,,
world wildlife fund,world wildlife fund,World Wildlife Fund,wwfus.org,,,Top Charities List,,
world youth alliance,world youth alliance,World Youth Alliance,,,,NGO List,,
worldwide organization for women,worldwide organization for women,Worldwide Organization for Women,,,,NGO List,,
wounded warrior project|wounded warrior,wounded warrior project|wounded warrior,Wounded Warrior Project,woundedwarriorproject.org,,,Top Charities List,,
wycliffe bible translators,wycliffe bible translators,Wycliffe Bible Translators,wycliffe.org,,,Top Charities List,,
xprize,xprize,XPRIZE Foundation,xprize.org,,,Tech Nonprofits,,
yad sarah,yad sarah,Yad Sarah,,,,NGO List,,
ymca,ymca,YMCA,ymca.int|ymca.org,United States of America,,Top Charities List,,
young adult institute,young adult institute,Young Adult Institute,,,,NGO List,,
young life,young life,Young Life,younglife.org,,,Top Charities List,,
ywca,ywca,YWCA,ywca.org,United States of America,,Common,,